{
  "project_info": {
    "project_number": "259447786229",
    "project_id": "fir-testapp-de82c",
    "storage_bucket": "fir-testapp-de82c.firebasestorage.app"
  },
  "client": [
    {
      "client_info": {
        "mobilesdk_app_id": "1:259447786229:android:bce23ce804fcbba1bf53bc",
        "android_client_info": {
          "package_name": "com.lion.boardproject"
        }
      },
      "oauth_client": [],
      "api_key": [
        {
          "current_key": "AIzaSyAvX9b5dwQtlQvonwbsKSNgpWcyde423eI"
        }
      ],
      "services": {
        "appinvite_service": {
          "other_platform_oauth_client": []
        }
      }
    }
  ],
  "configuration_version": "1"
}